compactness,circularity,entropy,energy,eccentricity,homogeneity,correlation,target
15.454655791862704,0.8131122933825358,0.10887332119908469,0.9801611453614844,0.5299153643248327,0.9822747663864644,0.9611442283950333,healthy_pepper_mint
17.8595454429505,0.7036220857076381,0.04465434613473634,0.992452805121559,0.8850043635468302,0.9932057835600996,0.9678213324619757,healthy_pepper_mint
15.474993302297916,0.812043686797148,0.17171244422520032,0.9688303346891981,0.7589666113812734,0.9715628899867698,0.9724241982604396,healthy_pepper_mint
17.040380789916085,0.7374465846323998,0.08006354839203858,0.9856062939589983,0.8424359564731876,0.9866548244828608,0.9516218562977443,healthy_pepper_mint
16.96672617304644,0.7406479297297949,0.09217305220862868,0.9825835911557366,0.8385988905149877,0.9862159074544418,0.9872079685572013,healthy_pepper_mint
15.420634910612568,0.8149061752127291,0.07060987489930459,0.9872078212056735,0.6464417078452035,0.9889406491800088,0.9603891924704698,healthy_pepper_mint
15.571980372516622,0.8069860296342187,0.0397735158509813,0.9930533817454158,0.8294300422516483,0.993715242314756,0.9767993919206159,healthy_pepper_mint
17.480117163239484,0.71889510218994,0.13545876135828797,0.9748961122888018,0.8808673223185519,0.9768107693784314,0.9603600367834305,healthy_pepper_mint
15.928330568393159,0.7889320579078652,0.06191153345174,0.98850909408979,0.7152911639296806,0.9901716360142243,0.9618601669201865,healthy_pepper_mint
17.521333349180384,0.7172040143250288,0.16692060680868756,0.9695110124278026,0.7943731503950726,0.9730682080587608,0.9785486698156332,healthy_pepper_mint
18.038069202686525,0.6966582993532136,0.10298703439790814,0.9822431017522762,0.9150659097689655,0.9845254340259173,0.986383874834803,healthy_pepper_mint
15.712928160831204,0.7997472199792975,0.11497924419512953,0.9792202080010508,0.7615360731748253,0.9811452349376876,0.9729388359507137,healthy_pepper_mint
15.016075961920063,0.8368611510907904,0.04906491417381909,0.9914718710465198,0.6026419808856311,0.9921119730271273,0.9358305157733182,healthy_pepper_mint
18.345104643001196,0.6849985791252133,0.05835246216380288,0.9895900845682517,0.8593892915102375,0.9901271724956395,0.9349129473344182,healthy_chocolate_mint
18.20189780932981,0.6903879334998785,0.07387793921171468,0.9865271662236474,0.8766821138093197,0.9871027269587963,0.9392117022495713,healthy_chocolate_mint
13.918176138027835,0.9028748084330387,0.05055769730723219,0.990350849611254,0.625992657171241,0.9913187075912622,0.9669272160413711,healthy_chocolate_mint
17.24168547080247,0.7288365534587323,0.05513561111619738,0.9897302483423533,0.5850181671906297,0.990625078718444,0.961130635614546,healthy_chocolate_mint
14.616475269749529,0.8597401481851591,0.04320653243819109,0.9918722744835698,0.6473954423151912,0.992535737866984,0.9521557191130825,healthy_chocolate_mint
14.061166461220111,0.893693325444692,0.03030756198884469,0.994094415017252,0.7521789343415827,0.9951717466910837,0.7710869280445907,healthy_chocolate_mint
15.298016320576039,0.8214379139769404,0.029312560718299865,0.9949151510412769,0.7013320697491638,0.9952769281110072,0.9083428337173033,healthy_chocolate_mint
17.596825387385937,0.7141271415562954,0.021887766240916734,0.9962964684206426,0.9223800805780074,0.9964817184513165,0.8866339183012691,healthy_chocolate_mint
13.567174272247408,0.9262334486308288,0.024582147302309183,0.9957159145206915,0.6402422980160609,0.9959741773780777,0.9133242563938747,healthy_chocolate_mint
15.103784378393645,0.8320014573523502,0.01996013386622226,0.9966568110266842,0.8304999877449043,0.9968762557504349,0.932168343859252,healthy_chocolate_mint
19.084585813751204,0.6584565542577614,0.023613334279837875,0.9959561413127453,0.9307724875348404,0.9960678512803255,0.8783410296610001,healthy_chocolate_mint
15.486619431125973,0.811434068632338,0.01760022514692487,0.9971172490222803,0.6331460433083247,0.9971453252304333,0.8952162633255085,healthy_chocolate_mint
14.812092993715881,0.8483858844047584,0.017779982444461627,0.9969971350199897,0.8270143767031591,0.9970863211796117,0.8630442640476595,healthy_chocolate_mint
16.55475158866932,0.7590793825598723,0.019064496809834852,0.9968169629617675,0.8802993097089832,0.9969230521321689,0.8279374705027966,healthy_chocolate_mint
16.325702878256642,0.7697292244057479,0.02112988189835884,0.9964365989244155,0.8655453652186309,0.9965623863443935,0.8625859534766164,healthy_chocolate_mint
16.064120457253377,0.782263221182777,0.02753144276733629,0.9951553809500608,0.8707367880387332,0.9954139503397139,0.8869238562851551,healthy_chocolate_mint
17.016360947700026,0.738487544603811,0.013449740114244374,0.9977778790027624,0.8545819673789611,0.9978206675036618,0.8475213609906869,healthy_chocolate_mint
13.238519471906084,0.9492277925055517,0.013337595505558655,0.9977778790027624,0.6771925884689965,0.9978513734242713,0.892595887965392,healthy_chocolate_mint
285.36006903196784,0.0440368922568189,0.35867678633202166,0.9335380019999872,0.8542442969656953,0.9361166002690764,0.7906315890326191,non-mint
16.768915333792762,0.749384820915363,0.1500855346993431,0.971853703301449,0.832451576045564,0.9740895252681644,0.8345191477027192,non-mint
13.236026927438077,0.9494065464848278,0.00923395305028453,0.9984385102933768,0.7714870151264323,0.9985213586649594,0.8546196782136362,healthy_apple_mint
15.975134034407406,0.7866206685523638,0.03713645942285688,0.9936939895444248,0.823968543870052,0.9943497797345486,0.9389894978554373,healthy_pineapple_mint
13.9120266063212,0.9032739060928332,0.04332371411126661,0.9923727315835904,0.6256689255851604,0.9929326036659872,0.9049868328001226,healthy_pineapple_mint
16.34673696167321,0.7687387791106239,0.06356494689911832,0.9888693973204283,0.8297901431306461,0.9898671971568574,0.927409554062477,healthy_pineapple_mint
17.15503358922232,0.7325179836578122,0.07406086623423458,0.9864471208443227,0.82903443974789,0.9880112088827835,0.9315720040216353,healthy_pineapple_mint
19.738604171926625,0.6366392732183052,0.053542167803603116,0.9903909001833145,0.9297199510101818,0.9919564579255821,0.9760306927922314,healthy_pineapple_mint
15.294443135566633,0.8216298235230655,0.06693478017199406,0.987207858249728,0.7301189956374888,0.9884134998534116,0.961000697371054,healthy_pineapple_mint
16.831260902951854,0.7466089847229028,0.06049100268211808,0.9893098202920202,0.8367892760665365,0.9905713489179832,0.954064498438043,healthy_pineapple_mint
16.456764681600855,0.7635990948092453,0.04638885013772288,0.9913717970932158,0.8201153666809116,0.9924954304158781,0.928246578079529,healthy_pineapple_mint
13.681032969635702,0.9185249858142686,0.05967882713772747,0.9890495868848538,0.2017623730767393,0.9900240047945383,0.937595614776786,healthy_pineapple_mint
18.692644048178916,0.6722628742071092,0.09815772813715597,0.9823232262457385,0.8578716121310505,0.9838725258610699,0.9687702926460575,healthy_pineapple_mint
15.17954094231343,0.8278491860929756,0.1417651404073659,0.9732346578375406,0.5993210422830533,0.9763444525562762,0.9634055196813824,healthy_pineapple_mint
16.63735820496774,0.7553104561159828,0.3075215979449423,0.9358005879435437,0.3100214266554652,0.9464351591309433,0.9785552564918829,healthy_chocolate_mint
18.732510203508728,0.670832177740141,0.33503683047019467,0.928275581024128,0.7219669167894314,0.9421139878080702,0.987240514999438,healthy_chocolate_mint
16.20269343190685,0.7755729420648718,0.5349134932357776,0.9024084937517348,0.6915405026821624,0.913191664396253,0.9591390999183109,healthy_pineapple_mint
17.170026254067743,0.7318783575757246,0.16668593361646641,0.970692133174093,0.8355754693567204,0.9736489045192518,0.9695466418563925,healthy_pineapple_mint
15.318971351211227,0.8203142578085432,0.4440329362378343,0.918923380116717,0.7393409201276522,0.9279444135694925,0.9703649172321516,healthy_pineapple_mint
21.400736057060016,0.5871933834824143,0.46209395617769156,0.9162408917270797,0.8994627920535737,0.925830393166873,0.9774813673061936,healthy_pineapple_mint
16.124339522714067,0.7793417272476278,0.021089351135900186,0.9961162999851371,0.7360151609081856,0.9964704359520172,0.8919106362618652,healthy_pepper_mint
16.576321342279535,0.7580916389637918,0.02709596241297537,0.9951954174728367,0.8993909497606541,0.9954951069541758,0.9042980033509287,healthy_pepper_mint
39.170335953762766,0.32081344998400574,0.147550703250179,0.9745557894531697,0.8509626573071035,0.976845509296632,0.9598047122007893,healthy_pepper_mint
14.81700366234819,0.8481047113656218,0.020821905466191254,0.9964566195501472,0.7976629637965252,0.9966394475448036,0.907793830700103,healthy_pepper_mint
16.315390739430267,0.7702157315784881,0.020195324582855806,0.9967368860894704,0.8245906660829966,0.9969592201576096,0.950623888018068,healthy_pepper_mint
14.89120558837354,0.8438786597755721,0.019644266842167468,0.9966968474522736,0.8368028887339287,0.9968185832576727,0.8977864568591982,healthy_pepper_mint
15.453352651849988,0.8131808609735439,0.027680989734928593,0.9953155299613389,0.7513237269862012,0.9955896985780027,0.9442596975385283,healthy_pepper_mint
16.850633988605672,0.7457506122829859,0.023515390312901202,0.9958360305323792,0.7568059568310427,0.996191753789016,0.9170781867267126,healthy_pepper_mint
16.305549863940897,0.770680579263949,0.03196465712446703,0.9945347874143151,0.7044378288307548,0.994917994566036,0.94766207596201,healthy_pepper_mint
15.557951170679969,0.807713719917142,0.5903176261978801,0.8721578323920738,0.6670187421583758,0.8957032316604896,0.9870830240679156,healthy_pepper_mint
15.779400431635093,0.7963782064346168,0.06196660217259294,0.9895099962590268,0.8682495256416022,0.9901057766898265,0.9703101296395777,healthy_apple_mint
14.39430624935472,0.8730098135102904,0.030237393807134024,0.9949752061772058,0.7311108346551842,0.9954138188409226,0.9480330227956835,healthy_apple_mint
15.5851705287162,0.8063030552797105,0.2584134208411806,0.946530793139326,0.6506670032380425,0.9541863029877546,0.9760139478168557,healthy_apple_mint
19.686275533564615,0.6383315418365358,0.49488373190744117,0.8985887148556742,0.8020925175902637,0.913377448319406,0.9826794268561655,healthy_apple_mint
26.05632174786278,0.4822772276132914,0.14733421361003823,0.9704923424368657,0.9279203863665078,0.9741178066128798,0.9648565111261155,healthy_apple_mint
20.65683723216168,0.6083395281245645,0.20413671655496562,0.9594619285905575,0.7737489167893871,0.9648701397936691,0.976508584324972,healthy_apple_mint
16.660249329089122,0.7542726621994811,0.09928247060429932,0.9800812196993074,0.7569614528229456,0.9825773169492532,0.9654826196529903,healthy_apple_mint
18.085631726816537,0.6948261915411194,0.18195203636639512,0.9624448500009134,0.6847111314185124,0.9670095845214711,0.9790143517276865,healthy_apple_mint
16.938797250383924,0.7418691202573047,0.16625379485769362,0.9665485445217812,0.6181067677565539,0.9707989058834419,0.9697015918193538,healthy_apple_mint
16.150390169703346,0.7780846457773221,0.28276632442700095,0.944088027891654,0.7131135084649086,0.9522088795984481,0.9787499800856242,healthy_chocolate_mint
20.31294261029487,0.6186386116204734,0.37526198540809624,0.9070875414707646,0.7279560892542023,0.9334861430568223,0.9716512893184778,healthy_chocolate_mint
18.864359954402147,0.6661434919994044,0.3742719998673528,0.9169522449085024,0.8385209860870879,0.9503484374150789,0.9872048582928721,healthy_chocolate_mint
17.399627098828695,0.7222206857068283,0.20823056416467087,0.950436464093383,0.47830422882191065,0.9659555972108358,0.9698379011462863,healthy_chocolate_mint
17.275847668103175,0.727395312564649,0.30496851949523673,0.9389239460341345,0.74869836887751,0.950267690439439,0.9883864834933294,healthy_pineapple_mint
19.39205062973576,0.6480165947530018,0.2665831693737539,0.9519143879700211,0.792416445810057,0.9567986046823815,0.9756205214188014,healthy_pineapple_mint
15.511876914678837,0.8101128369880023,0.030738039782412067,0.9945347914440293,0.8256905489407667,0.9948927526584385,0.9385131301667483,non_mint
18.74308783580994,0.6704535946499844,0.04099031931298557,0.9927530928784177,0.9069467013035987,0.9931271806220334,0.9180203525169583,non_mint
15.358478019915484,0.8182041604685204,0.02352147074742204,0.9959361231007781,0.8262361659560004,0.9961536284221318,0.9173564004739849,non_mint
13.70412403444339,0.9169772969636997,0.01991968622577937,0.9965567179526496,0.6770350852480523,0.9967173743852087,0.9274997715572632,non_mint
15.500429648220486,0.8107111157271595,0.022997284398528512,0.9960762564194433,0.8235560789156254,0.9963004770872907,0.9297774979282808,non_mint
15.034875334203742,0.8358147530343123,0.034471893284740485,0.9941544221760175,0.7520304662670001,0.9945006273393643,0.9366147152374629,healthy_pineapple_mint
19.710891885172174,0.6375343483981271,0.03725558933068661,0.9940142894659785,0.9290665236342637,0.9944037216416558,0.94790778650309,healthy_pineapple_mint
14.823952220366262,0.8477071719844419,0.02318684046056964,0.9961363160850092,0.8233379322301645,0.9964465989495669,0.9373480321789055,healthy_pineapple_mint
17.554307544359073,0.7158568107915637,0.015031778166329203,0.9976177269644674,0.9127233101261677,0.9978489077622551,0.9458501153616853,healthy_pineapple_mint
13.642509744759346,0.9211186833996168,0.014737087896831296,0.9976377454796304,0.7542385334317928,0.9977413774928608,0.924831955491106,healthy_pineapple_mint
15.596353771664392,0.8057249020081781,0.016571087180578023,0.9973374580105542,0.8514949477315795,0.997519869913766,0.9086115680040743,healthy_pineapple_mint
13.092282421836154,0.959830395454972,0.015141662764094715,0.997457573922245,0.6094793444664978,0.9976557377853356,0.9204758894976217,healthy_pineapple_mint
16.98038082938853,0.7400523427961123,0.02004875860135914,0.9967368865920718,0.8966422061377206,0.9969080929214608,0.9420273160418278,healthy_pineapple_mint
18.605028457317882,0.6754287231104161,0.02686766342337906,0.9957159135144583,0.925453388998606,0.9960889854723824,0.9449025680795434,healthy_pineapple_mint
14.815405275231921,0.8481962106947802,0.015842380018862998,0.9974775918346069,0.8188472755217987,0.9975847692724102,0.9228357483408903,healthy_pineapple_mint
15.411753149107042,0.8153758039582452,0.03086189948895498,0.9947550007234147,0.7903315059777304,0.995119377530478,0.947886794856391,healthy_pineapple_mint
14.348845589643254,0.875775722573066,0.009870195207715692,0.9983984715557928,0.8428599072286557,0.9984953539094218,0.8721352843992772,healthy_pineapple_mint
14.069331835909317,0.8931746554080046,0.14009972193958625,0.973094592241146,0.2740133476002059,0.9769011262649075,0.9801483235524381,healthy_pepper_mint
15.781916733864168,0.7962512302067078,0.14538610036399244,0.9724739577937331,0.8251118219269561,0.9772099111100494,0.983366407428042,healthy_pepper_mint
15.354294081223916,0.8184271154299453,0.25463434377409777,0.9486725515319021,0.7971364150787342,0.9579123863483747,0.9858597329247297,healthy_pepper_mint
15.610725986523056,0.8049831010555105,0.1871606902872722,0.9625053864383183,0.8014331767240894,0.9699977477221743,0.9877825197844344,healthy_pepper_mint
14.418808734432297,0.8715262714006685,0.10174401474866877,0.9816025043127999,0.6237395746577787,0.9836435975159817,0.9728926388848254,healthy_pepper_mint
17.86046334408985,0.7035859245229195,0.14503587189585843,0.9717132857398096,0.6346926122143486,0.9757913987942629,0.9610462739528551,healthy_pepper_mint
16.49600839264332,0.7617825061221092,0.08257004418150739,0.9856062733229364,0.7883703768446689,0.9863475267377664,0.857804465816686,healthy_pineapple_mint
18.70221632288765,0.6719187928000026,0.05515893662155738,0.9902707241817934,0.7543536212502367,0.9906626374067364,0.796639272114745,healthy_pineapple_mint
13.812094437896052,0.9098092017008655,0.032786592038445764,0.9946348786679666,0.4775974275905462,0.9949163356956614,0.8592200708398007,healthy_pineapple_mint
19.70521403245346,0.6377180472976856,0.06111342622842981,0.9898503162692351,0.8418346371466555,0.9902338534222112,0.8796578853142674,healthy_pineapple_mint
16.94456066913617,0.7416167854530632,0.07743929377920755,0.9864270711572793,0.6450567144076966,0.9873997897946697,0.861721043627495,healthy_pineapple_mint
15.749464082627766,0.7978919503820031,0.03871701886119287,0.993173493821811,0.8527784559224134,0.9936634570317728,0.9472763301601789,healthy_chocolate_mint
15.250434202347321,0.8240008413940749,0.07565629287237745,0.9862469165974216,0.7900423115838419,0.9872994228686428,0.9653557510976896,healthy_chocolate_mint
15.502074035715761,0.8106251192844957,0.06369926218056468,0.9887092392287722,0.7921797699352133,0.989649680113245,0.9593405281447763,healthy_chocolate_mint
14.788127171169704,0.8497607891050618,0.03797255658554601,0.9931734976552867,0.7157036555061337,0.9936722462560343,0.9563777239021729,healthy_chocolate_mint
15.260375978382017,0.8234640242259302,0.05089060514465955,0.9908112416291311,0.7459943432744638,0.9913014590098116,0.9384712823563125,healthy_chocolate_mint
16.89856194544523,0.7436355031231673,0.06546102321316837,0.9882488055544326,0.7897184870229549,0.9891800890173041,0.9433483841412267,healthy_chocolate_mint
15.31064721663552,0.8207602485089852,0.05785455517609025,0.9897902718781031,0.7880280356351941,0.9906339552369741,0.9701639645380618,healthy_chocolate_mint
17.348253412612856,0.7243594104535579,0.06943707521484162,0.9876482303725025,0.8520994444861575,0.9885691217462607,0.954564633415873,healthy_chocolate_mint
15.329182405825337,0.8197678311651996,0.054967176928074284,0.9904508996650911,0.7922339740083774,0.9913639478295826,0.9729762802238414,healthy_chocolate_mint
16.77120592603516,0.74928247078831,0.06616091351102502,0.9881086748907177,0.6350838380133302,0.9889403970957878,0.9499237442829738,healthy_chocolate_mint
14.829020709802942,0.8474174296656009,0.05268434603702833,0.9905109614636228,0.6276611188949178,0.9916005410079884,0.95339490710489,healthy_chocolate_mint
14.254021775583336,0.8816017550839543,0.030699019795582025,0.9946749219386661,0.7497353841163855,0.9948985865852813,0.9419498484803892,healthy_chocolate_mint
15.411413151802305,0.8153937922876063,0.0719105767090833,0.9867874263935043,0.694614843211184,0.9879716369456482,0.9661132352198472,healthy_chocolate_mint
14.5620810382918,0.8629515644992776,0.06878992276886241,0.987528126537241,0.7695020512867947,0.9886024291804341,0.9509552710631014,healthy_chocolate_mint
15.578461134079364,0.8066503171400571,0.056465613321634786,0.9899103859653473,0.6636997390951942,0.9907807673710993,0.9305505646925305,healthy_chocolate_mint
15.193054717988343,0.8271128385709546,0.04946610230111451,0.9913717806197381,0.7323017825499537,0.9924224817799174,0.9632307807739664,healthy_chocolate_mint
17.407658309789877,0.7218874814019058,0.04758404163886189,0.99181219380047,0.8333204272853229,0.9922794683917535,0.9474604262564456,healthy_chocolate_mint
15.605464330743606,0.8052545152150804,0.05148481000403251,0.990731169918027,0.688362657831342,0.9915447871495554,0.9567918269147394,healthy_chocolate_mint
18.530252522209217,0.6781543100558343,0.6519230036263968,0.868840359418229,0.8542998280808237,0.8860078391724026,0.9771351434421861,healthy_chocolate_mint
19.065279357157436,0.6591233403376038,0.06210718237119688,0.9887293545106314,0.8881633829122498,0.9912727571738402,0.9772237574680911,healthy_apple_mint
13.206609438731252,0.9515213327582444,0.02139421332531091,0.9962764500072058,0.6005808943315398,0.9967404801371547,0.9417737713512714,healthy_pepper_mint
14.76136566917919,0.8513013562557407,0.014062192265230098,0.9976978028329112,0.8434433166279618,0.9978551500980485,0.9270018592549659,healthy_pepper_mint
17.894633837984994,0.7022424000475774,0.18433007049342331,0.9663079800926645,0.7974531824596893,0.9686390499829305,0.9527015103233782,healthy_pepper_mint
18.983318053571395,0.6619691341048263,0.20210802810149078,0.9656472634119863,0.7703134798882991,0.9669829898611749,0.9358082065027438,healthy_apple_mint
15.112372000027875,0.8315286716298403,0.21447379472779743,0.9634852073931442,0.509587258525531,0.9654095914408486,0.9753957697024835,healthy_apple_mint
15.420183498471712,0.8149300308653669,0.234088751535003,0.9594213804667648,0.49304651465236743,0.9622554711855253,0.9793885808218993,healthy_apple_mint
15.523760857156516,0.809492669333799,0.1475691979609901,0.9749961523541296,0.4995875387972993,0.9761401293820253,0.9376502290402949,healthy_apple_mint
15.53756337889567,0.8087735707278142,0.061773231993517606,0.9896301044746759,0.6561135682219731,0.9899831508511358,0.9471586708107687,healthy_apple_mint
17.157800657865735,0.732399849196191,0.14977872117252206,0.9743355422109108,0.8458924476087214,0.9753211873368245,0.9354844066245736,healthy_apple_mint
15.282562160930544,0.822268575257934,0.08647738087266735,0.9854661361633656,0.6310741647590182,0.9859899091649761,0.9566509205434611,healthy_apple_mint
18.399313378048078,0.6829804110707688,0.12021544990299572,0.9791201060920799,0.45354954448243323,0.9804727785659096,0.9631430876259112,healthy_apple_mint
14.205574598929823,0.8846083998112867,0.055409019393460934,0.9902507065835036,0.4653566715279263,0.9907744692371752,0.9547639398930163,healthy_apple_mint
16.798576897773696,0.7480616180067364,0.17702707512100962,0.9690905563382884,0.41840969794519406,0.9708793346303857,0.9621379149396687,healthy_apple_mint
14.281261291130072,0.8799202226041478,0.05178403504229946,0.9910714854878614,0.6355076272538929,0.991581387732974,0.9398341846714262,healthy_apple_mint
17.044740510934737,0.7372579597968916,0.04917772015526664,0.9916520346056883,0.8492864668914378,0.9920568450862062,0.8598534368909593,healthy_apple_mint
15.3898389095903,0.8165368518918245,0.07646351784578609,0.9860267021728373,0.6544330431912755,0.9871084679382244,0.8959151570685291,healthy_apple_mint
20.72431852029599,0.606358689288264,0.057305431852567076,0.9897502449843725,0.8809617482397623,0.9903724742724049,0.9028957373229822,healthy_apple_mint
45.08410057385293,0.278731758078971,0.24639616408862036,0.948873346782306,0.8977167326609895,0.9559697070679505,0.9408368351498186,non-mint
27.884541710168655,0.4506572403080447,0.1696382017732926,0.9653875450143077,0.42503936655411406,0.9691694826135622,0.948555544736464,non-mint
71.75257312723491,0.1751347731052922,0.1964018018940433,0.9605833679602896,0.8555330841503721,0.9651722683973223,0.9421139035926005,non-mint
17.620353405778474,0.7131735853968808,0.14734915585161135,0.9686712970235811,0.7658452331417882,0.9746233186170964,0.9704320345575645,healthy_apple_mint
28.300303713583325,0.4440365990958492,0.2806767175567489,0.9377639000931773,0.8813388275776042,0.9503743523791938,0.9646281109955462,healthy_apple_mint
15.203196446756325,0.8265610892004405,0.07714235914361245,0.9826641339607494,0.6488519570492568,0.9874721524454081,0.9527336528491382,healthy_apple_mint
27.701613783556773,0.4536331606001368,0.07298123911783438,0.9853462965242384,0.9198503388808631,0.9881080818334455,0.944800388689644,healthy_apple_mint
15.656743461394292,0.8026171371680692,0.30464983993796513,0.9366021334478253,0.4911138534227298,0.9454691230108363,0.9773850244673458,healthy_apple_mint
17.855946735372633,0.7037638944937705,0.3866310502638788,0.923629277574444,0.23428050043049062,0.9312740965533165,0.9749467281699082,healthy_apple_mint
17.122832735074415,0.733895542214707,0.5774682101698244,0.8838552812251458,0.4012532386347853,0.8970491789231083,0.9768402137657204,healthy_apple_mint
16.346431647537408,0.7687531374012321,0.2295004800860917,0.9545573188828813,0.7801969908122389,0.9607387522147679,0.9653456796726638,healthy_chocolate_mint
18.08373122751374,0.6948992138989488,0.22935062678058954,0.9593013077064599,0.7662372336589053,0.9622920959199865,0.9728712601078149,healthy_chocolate_mint
19.377974789776527,0.6484873032753126,0.22305899483139452,0.9555582846874302,0.8514755231555767,0.9609398511488265,0.9624536840968037,healthy_chocolate_mint
23.03559696552078,0.5455196421941338,0.09300152973113547,0.9815625985792228,0.6797213098941121,0.9839309074610924,0.9658441798981562,non-mint
17.148734107196102,0.7327870696348346,0.11539292092529833,0.9775788567025241,0.7185989104782758,0.9804484091226825,0.9752515515299452,non-mint
15.54703414097292,0.8082808914171961,0.08021694773304475,0.9843251744619936,0.529394410373431,0.9863168906866401,0.9618775866940211,non-mint
19.237022772810246,0.6532388490032135,0.12719961086683287,0.9749365437018896,0.7161357479794093,0.9795796597990408,0.974142656935023,non-mint
16.176047375584492,0.7768505075798908,0.10142861693922675,0.9802413028648453,0.7378569022579997,0.9827657778864296,0.9749183929577168,non-mint
14.46645501731875,0.8686558385807123,0.18861217390929186,0.9637456625898837,0.5798182427636489,0.9682198069653293,0.9328479918224016,healthy_pepper_mint
16.321376971164188,0.7699332376527313,0.16284880323692089,0.9684501169617108,0.7701639742715208,0.9726753059508909,0.9541093372928259,healthy_pepper_mint
14.156540570367824,0.8876724191122538,0.11763558693412465,0.9792201949042915,0.6510549605224636,0.9810990464743166,0.9622351828512253,healthy_pepper_mint
16.94698588050068,0.7415106558162726,0.26492511263336477,0.9520745218406639,0.8486004336431141,0.9574208507199032,0.9866252840404404,healthy_pepper_mint
17.098408842953763,0.7349438611381526,0.24214131376439096,0.95687903914674,0.8533179326982285,0.9602071390579696,0.9812879665493779,healthy_pepper_mint
17.44952351252858,0.7201555163002961,0.18189654229205038,0.9664681350304707,0.7995462696087603,0.9697176255805686,0.9636175481959399,healthy_pepper_mint
17.24373884191629,0.72874976416441,0.16607522439348504,0.9680298287471315,0.8206231892186199,0.9715892470717499,0.9703629025923215,healthy_chocolate_mint
26.17163272133499,0.4801523370039931,0.09837343403228686,0.9828637233229818,0.9679749470133833,0.9851348276773301,0.9779302047789962,healthy_chocolate_mint
14.230086175703452,0.883084646094068,0.1037920307424075,0.9810219677063995,0.5166780564859585,0.9827979460361719,0.9681829860849108,healthy_pepper_mint
20.727200406882343,0.6062743818594326,0.05485403406875646,0.9905510126423028,0.9347256253085222,0.9918985691119087,0.9721534149239079,healthy_pepper_mint
16.537069291163878,0.7598910298497487,0.3748553396575216,0.9319354389757206,0.7760329117758191,0.9367177169654259,0.9409264671232636,healthy_pepper_mint
134.29670962610294,0.09357169397035381,0.22679224875587137,0.9549776933074813,0.6455622059148622,0.9572702816268406,0.8408780287225958,healthy_pepper_mint
37.697116098380235,0.333350980524983,0.12987480101306415,0.9755567857917488,0.9349157287242102,0.9764507756121404,0.8850307311712187,healthy_pepper_mint
15.437594205095827,0.8140109428586427,0.12415119505159737,0.9782192457026142,0.757679863888204,0.9801325523856517,0.9725640748714764,healthy_pepper_mint
17.441449154570982,0.7204889056518465,0.014134167852295482,0.9975776887289995,0.9183383205987736,0.9976539391063229,0.7944187832390833,healthy_chocolate_mint
18.728102441139406,0.6709900617990555,0.015171609004621766,0.9973774977528135,0.9079062078737826,0.9974944569176778,0.8401133343206839,healthy_chocolate_mint
13.245088236593773,0.9487570327874882,0.010830017029734575,0.9982583378308492,0.7093019893658158,0.9983226833083245,0.9108635328843743,healthy_chocolate_mint
13.167367245788267,0.9543571148118976,0.00947689532949292,0.9984184917775712,0.7934994889386728,0.9984742826826009,0.8277026723374968,healthy_chocolate_mint
15.142472332656506,0.8298757520103456,0.008556017510401418,0.9985586237968884,0.902721047737465,0.9985868401100875,0.8489314392101772,healthy_chocolate_mint
14.083531353091578,0.8922741249552185,0.01296288799784764,0.9978379361553273,0.8279345981279631,0.9979228990511386,0.8060010155683502,healthy_chocolate_mint
16.689063306955976,0.7529703964345038,0.012583161302188044,0.9978579550723194,0.9059327402910794,0.9979355058259497,0.8069081966565926,healthy_chocolate_mint
13.215295807933938,0.950895901006985,0.010751324984464324,0.9983183952848845,0.8233776306718933,0.9983865611805843,0.8979638542697532,healthy_chocolate_mint
16.29088536247131,0.7713743197351226,0.010097251067283384,0.9982383208207171,0.9293239922469109,0.9982555884165389,0.7964680099125071,healthy_chocolate_mint
17.848729037456692,0.7040484836756636,0.2350513530365504,0.9552779750034402,0.8797746848584824,0.9619231594149487,0.9823678831365247,healthy_pepper_mint
20.321210113150006,0.618386924026113,0.09776838143544525,0.9820229961840222,0.887814354453371,0.9837721082104722,0.9745392713610612,healthy_pepper_mint
14.618490767002964,0.85962161310962,0.028950830223561586,0.9947550095868234,0.752274388187667,0.9952309743726181,0.9339513833736772,healthy_apple_mint
13.082047356605377,0.960581342645436,0.016010301155425757,0.9973374598188299,0.5226423879899061,0.9974876320669466,0.8856245748126182,healthy_apple_mint
15.130432417220746,0.830536118720356,0.02779788733406609,0.9953755864071613,0.8308333435925925,0.9956656261460727,0.9197566203380326,healthy_apple_mint
14.204567836808273,0.8846710972646389,0.02517321898507812,0.9955757822094073,0.37755133104533517,0.9958594657641666,0.9172235968759901,healthy_apple_mint
18.282073824578468,0.6873602379542364,0.2758656287874031,0.9499725659333575,0.9002990152517578,0.9551424890761896,0.9783051667013959,healthy_pineapple_mint
23.91435826449139,0.5254738795570366,0.4208175032626251,0.9153634897742169,0.9259026817844956,0.9326265630129456,0.983314192103731,healthy_pineapple_mint
20.289352006454333,0.6193579080476119,0.3033442695965729,0.9450279117715384,0.882440233712226,0.9516535503852767,0.9825688397131512,healthy_pineapple_mint
14.066783978789903,0.893336432357739,0.19203561183966103,0.9639458734904441,0.46514013750765787,0.9682112801478705,0.9478450468731298,healthy_apple_mint
20.4384696026072,0.6148391175411766,0.1532798774185641,0.9728341673280243,0.9268730704989716,0.9752443073745485,0.9816792750254781,healthy_apple_mint
14.901949720269146,0.843270233106934,0.022061857905384414,0.9961363142745534,0.8424553863748209,0.9963189516320718,0.9110628084977804,healthy_chocolate_mint
16.267961657390767,0.7724612879604428,0.026286814540256866,0.9948350929026115,0.7215072186459858,0.995284188724389,0.9077517957049335,healthy_chocolate_mint
21.522113306339563,0.5838818165991914,0.03158931275402491,0.9941143971449521,0.8614610514300595,0.9947586305227467,0.9001380904073891,healthy_chocolate_mint
17.741878794824878,0.7082886068427349,0.03695346104785158,0.9929933328713584,0.8793097265617658,0.993743527961132,0.9131211458550448,healthy_chocolate_mint
14.444434035414085,0.869980131000607,0.027292710590285582,0.9951754012753286,0.6443937333494588,0.9954409037713838,0.9135486631068873,healthy_chocolate_mint
16.86790889212882,0.7449868679468087,0.038314444525131386,0.9929532882817493,0.874563172226343,0.9935714053785631,0.9236048882486226,healthy_chocolate_mint
15.106662950418349,0.8318429196178745,0.03957408543676844,0.9929132457097913,0.8124831622176368,0.9935398801506625,0.935573615334515,healthy_chocolate_mint
15.795325562800814,0.7955752836113694,0.024425182128644366,0.9957159155269252,0.8524392027774563,0.9959786744768886,0.9011706556738742,healthy_chocolate_mint
14.32326699618635,0.8773396891718237,0.05512309316361224,0.9901305924950998,0.6401126596515987,0.9910179298883832,0.9536068388488336,healthy_chocolate_mint
16.573750039025406,0.7582092516642129,0.03646759849621452,0.9934937998898745,0.8948815617861196,0.9942215513380682,0.9174030915568916,healthy_chocolate_mint
17.06719318628665,0.7362880631395294,0.03342028139682157,0.9941944631309827,0.8893985215797195,0.9946038239061751,0.9274917962480432,healthy_chocolate_mint
16.898739598897166,0.7436276854150277,0.028475319821942232,0.9949752089967572,0.8703886084501039,0.9954919060168811,0.9177901227360529,healthy_chocolate_mint
15.542472332656509,0.8085181266789707,0.027125916235593198,0.9952554741196823,0.7948678533232947,0.9955875532196707,0.9277950171186448,healthy_chocolate_mint
14.652060277213756,0.8576521237700505,0.012319305229422426,0.9978979938099695,0.8344842512151345,0.9979764922682083,0.8607107419669561,healthy_chocolate_mint
17.028244909399977,0.7379721563331669,0.1836641759468024,0.9664681182361775,0.6532014082672651,0.9696195812157752,0.9574166570595731,healthy_apple_mint
17.186018184331555,0.7311973302702482,0.04782742235529304,0.9904109120143866,0.8594324587161533,0.9914495843923001,0.8753568670229512,healthy_apple_mint
17.312031643016642,0.7258749795220145,0.12247867489444698,0.9728350974310674,0.767524626799601,0.9786664073613801,0.9658548540005703,healthy_apple_mint
18.995424680351817,0.6615472318108989,0.02479811147678654,0.9951354505338228,0.9301910017873511,0.9965899175745985,0.9498280420924459,healthy_apple_mint
18.015408158043194,0.6975346050513304,0.16386700700316306,0.9700716645095104,0.8285265454878503,0.9745970119802693,0.9739696293679835,healthy_apple_mint
17.16493934029026,0.7320952533087528,0.09966218369037226,0.981302329113056,0.8819410274651155,0.9840100599552248,0.9683798816858009,healthy_chocolate_mint
14.501130700856118,0.866578674007626,0.04166503114524955,0.9928932224559536,0.7239345434871488,0.9933397496622537,0.9574694097513311,healthy_chocolate_mint
20.10334768398639,0.625088458494358,0.15232243935477785,0.9736348743256394,0.879129897435424,0.9752535593405952,0.9724706680235322,non_mint
18.438679218001454,0.6815222753097618,0.12940301321852798,0.9772783726239401,0.8802918717666149,0.9792336762512696,0.9599725551405186,non_mint
17.693516133247606,0.710224611079191,0.20055784572911983,0.9632450868853003,0.24363379608878524,0.9658419446915778,0.9630628196218995,non_mint
25.229201087873882,0.4980883290988969,0.1686564926969016,0.970351881929882,0.9593837083100805,0.9729269740044866,0.9334644846726691,healthy_pepper_mint
28.56338882632891,0.43994676859826426,0.20722437716650544,0.9628648656876844,0.9472246809499728,0.9669589851069053,0.9801136211399794,healthy_pepper_mint
20.42805381702438,0.615152609588613,0.11215614111377371,0.9787398572909851,0.7830672293507568,0.9805958105379202,0.9528485521854432,healthy_pepper_mint
29.32612932453726,0.4285042350899289,0.18183752416812313,0.9680497782999261,0.9761832396078431,0.9724503910715188,0.961010565583395,healthy_pepper_mint
16.52756416017936,0.760328049104533,0.12136782864970315,0.9749364980728973,0.7892024856910163,0.9796294709309118,0.9757765761999581,healthy_apple_mint
20.90807316886968,0.601029588564355,0.0815094203008469,0.9845053705906871,0.8736324691250204,0.9874958344603288,0.9774746254938321,healthy_apple_mint
19.257463682206044,0.6525454660974145,0.14382730017990764,0.9710327699560475,0.8534503114585893,0.9752877646041104,0.9792132299159162,healthy_apple_mint
21.11946126571911,0.5950137863959993,0.0669979427622025,0.9873680215133707,0.2582634047429181,0.9885669221946954,0.9562061723449913,healthy_apple_mint
13.488834145974089,0.9316128049591123,0.02902941945551915,0.9949752104065329,0.6435415630763318,0.9952583761501206,0.9548464374522279,healthy_apple_mint
16.9965974540614,0.7393462514084777,0.05538311347917453,0.9893098788289247,0.780979878032722,0.9909198862351193,0.9603225934412667,healthy_apple_mint
17.73226708886378,0.7086725319094198,0.06136481433673221,0.9888694043115102,0.7215977817743069,0.9899775906861336,0.9548910690352594,healthy_apple_mint
18.313621589983068,0.6861761641527284,0.052202784981538033,0.9906110530984528,0.9053728985038513,0.991439242053676,0.9232540464576704,healthy_chocolate_mint
17.30525421164194,0.726159261266747,0.0706935751376023,0.9870677134882894,0.7544344939758758,0.9886692541153587,0.9389025287874019,healthy_chocolate_mint
15.432374978081548,0.8142862412432997,0.04039579184761559,0.9929532831356802,0.844811120377125,0.9933657814127484,0.9215299232977898,healthy_chocolate_mint
15.928330568393159,0.7889320579078652,0.03388078155038365,0.9940543311267663,0.6174707804593182,0.9944353594559411,0.9243951052735762,healthy_chocolate_mint
18.231853894817892,0.6892535825954024,0.026621356446836966,0.9954356458726801,0.877640956967565,0.9957001774784986,0.9202453505984036,healthy_chocolate_mint
22.64101515751508,0.5550268186710744,0.04625151115226348,0.9917921721585986,0.8945152686982965,0.9922188089868187,0.9167185304292321,healthy_chocolate_mint
19.16673790469225,0.6556342908660932,0.09613215950302584,0.9829237199098674,0.8628223981125844,0.9837722360157024,0.9381088357342355,healthy_chocolate_mint
19.642166601592162,0.639764994832116,0.09706715946245316,0.982503333400961,0.9127427482695609,0.983304212246562,0.927729912763277,healthy_chocolate_mint
18.57818996488733,0.6764044634116423,0.11348625781730287,0.9801811184756625,0.7684366929560988,0.9818888251961996,0.9590184631986284,healthy_chocolate_mint
14.116837848658587,0.8901689421581942,0.057273662329954345,0.9895900815308644,0.7334806492923949,0.9902177286662192,0.934905119410843,healthy_chocolate_mint
17.240734144842516,0.7288767699093801,0.0737386374380372,0.9873078960782243,0.8311256393987465,0.9880019995552586,0.9722787798066738,healthy_chocolate_mint
20.7146346163411,0.6066421564803258,0.10039525378797368,0.982743548391905,0.7846374403652748,0.9837849174848139,0.9471065841877497,healthy_chocolate_mint
21.42200181400494,0.5866104728897804,0.08242200327181023,0.9848455780889344,0.935012349593821,0.9862630215583131,0.9414556102929699,healthy_chocolate_mint
21.109981200211724,0.5952809950504899,0.04751954005131741,0.9918922677405714,0.8828071987325631,0.9923192111034064,0.9121088953412619,healthy_chocolate_mint
16.302241906749337,0.7708369613357617,1.6852264870867362,0.6581487954001867,0.5134706504266738,0.7034673566316677,0.9843084570722759,healthy_pepper_mint
17.06126930068877,0.7365437115427199,0.4210896149336413,0.91590308271504,0.7064197138483086,0.9272284844691643,0.9878464089589487,healthy_pepper_mint
24.760759098630302,0.5075115251637947,0.37181370033042377,0.9245312986857902,0.9342845793898886,0.939743066679041,0.990833954515979,healthy_pepper_mint
17.48211174745686,0.7188130813880202,0.42921609396505667,0.9143816879666623,0.7088071850043237,0.9257991191339141,0.9877601784549034,healthy_pepper_mint
19.522083532025608,0.6437002789043639,0.5726026277850425,0.885774957471533,0.4123499378717719,0.9080019509192341,0.987708563619985,healthy_pepper_mint
22.743818475580255,0.552518066737629,1.6248703668205138,0.6666010439746877,0.6127871597313641,0.7209594877394672,0.9862176162498876,non-mint
25.89980594223476,0.4851916899449512,0.910903351623482,0.8221599253049435,0.7035873202599844,0.8460367681372695,0.9903053653769357,non-mint
15.432798134159281,0.8142639141079997,0.2496923576250892,0.9497530814092416,0.7181735513387326,0.9569307976747681,0.978912454493688,healthy_apple_mint
16.86609975796642,0.7450667786085908,0.22140622731152038,0.9548982984153753,0.846058120636018,0.9640020586432646,0.9831796963771066,healthy_apple_mint
20.994682556998743,0.5985501605105277,0.10265895597394203,0.9805615925944874,0.7196933732645332,0.9832053285048374,0.9629816609004341,healthy_apple_mint
15.053966604949713,0.8347547821866017,0.008649460824892144,0.9984385109958196,0.8048959038709655,0.9985487607612283,0.8218696994547797,healthy_apple_mint
14.693588220042487,0.8552281734163663,0.07828645657707087,0.983484461100274,0.5935501224653533,0.9870497120120176,0.9771805752571586,healthy_apple_mint
14.782045869389597,0.8501103788604387,0.08936341961474642,0.9814024635630191,0.5310159113741253,0.9844377335761835,0.9880172892933423,healthy_apple_mint
15.719893299418532,0.7993928695956223,0.046813928533730426,0.9914318595944955,0.8304952896609092,0.9926271036682878,0.9610296500809651,healthy_apple_mint
19.501448148738252,0.6443814079095567,0.23872556765191094,0.9503763011646897,0.73441811587736,0.9655556222694326,0.9870428871370068,healthy_chocolate_mint
17.12938173013985,0.7336149554217785,0.21564940396479942,0.9557786700955745,0.8067922093919222,0.9631198358077548,0.9809352347281308,healthy_chocolate_mint
15.315672435617087,0.8204909492015301,0.175842482266151,0.9656478131142965,0.7217790266567604,0.9709063899983308,0.9655855772619397,healthy_chocolate_mint
17.408772878247333,0.7218412637263564,0.12070255918495576,0.9789399657003887,0.7528915606631943,0.9815536635749269,0.968275758888328,healthy_chocolate_mint
17.099753979411428,0.7348860474536316,0.15537847441883496,0.9719733485750868,0.8515130799423438,0.9747081769650439,0.9818824113886555,healthy_pepper_mint
18.274411591854093,0.6876484395240771,0.10706893721463534,0.9808417630062402,0.8376940515184219,0.9829521389926553,0.9740725858393491,healthy_pepper_mint
17.894293804045322,0.7022557443154489,0.09429032173012342,0.9835243209450365,0.8709549655824805,0.9855264052604205,0.977172339035583,healthy_pepper_mint
24.01897167692302,0.5231852047368334,0.09660340146246074,0.9831840043677528,0.9423959507033797,0.985470042967943,0.9797599927702647,healthy_pepper_mint
22.472332945076314,0.559192970532793,0.06509774308083523,0.9886692142733419,0.943529104520458,0.989975549956895,0.9725283517501749,healthy_pepper_mint
23.772647612680455,0.528606271337493,0.07419844172442965,0.9873279455355488,0.9520110500809655,0.9889348524742319,0.9836956830200452,healthy_pepper_mint
14.418912002369877,0.8715200295482611,0.09563888221374725,0.9827235498723881,0.7139996219284177,0.9840490831435893,0.9667997184338347,healthy_pepper_mint
15.954334212848288,0.7876461936117188,0.09868269195490471,0.9818427420367237,0.689197900909238,0.9838615127779278,0.9603849005102658,healthy_pepper_mint
17.790133285472265,0.7063674235999733,0.05963543758241665,0.9896101101635044,0.8880750916517836,0.9911098295800794,0.9723157514399267,healthy_pepper_mint
16.10540011358955,0.7802582069200388,0.09908018900153018,0.9817426455539093,0.703831971879216,0.9837835491281842,0.9595232381233596,healthy_pepper_mint
14.408447995839511,0.8721529631774189,0.1836938590957441,0.9663881044236486,0.6726983859335749,0.9693986448785056,0.9724525002869273,healthy_pepper_mint
19.340059511662425,0.6497586321687071,0.0799394063886102,0.9867473650135213,0.9130136566458682,0.987637029562421,0.9801720996996469,healthy_pepper_mint
14.48305514106517,0.867660206493902,0.043235883143725284,0.9920724530184519,0.7530679562620203,0.9932212682059839,0.9512494734996325,healthy_pepper_mint
21.298533673451974,0.590011068697316,0.11289746099568986,0.9799409477020098,0.901550543066886,0.982227592474981,0.9852511716466489,healthy_pepper_mint
20.91073468379736,0.6009530896155552,0.33734394483761115,0.9360606433234007,0.9352988252345776,0.9478765313559804,0.991366282417619,healthy_pepper_mint
15.815080316871855,0.7945815236204086,0.09472357914011455,0.9828837191942944,0.7107973372630608,0.9840888949818485,0.9678315618671326,healthy_pepper_mint
33.997318593531375,0.36962828641286316,0.24642046655230165,0.9479118278767479,0.964126589176894,0.9563570478808044,0.9519766490944414,healthy_chocolate_mint
25.648299635321248,0.4899494622658551,0.04394899500274742,0.9921925894264211,0.9635830721896164,0.993492382674181,0.9531984764863972,healthy_chocolate_mint
16.182266729520514,0.7765519395027002,0.04309543556505347,0.9925929329815445,0.8083377072084664,0.992996371680086,0.9291356969323277,healthy_chocolate_mint
15.001598877977136,0.837668752282601,0.0691856385555775,0.9883689031146004,0.7305698594379603,0.988863998640365,0.910395288747732,healthy_chocolate_mint
26.19174711351698,0.4797835959508768,0.08067237702588598,0.9862268847840542,0.945200801329921,0.9880139852046297,0.9519854538783683,healthy_pepper_mint
15.76233712963312,0.7972403147458668,0.1555196297835876,0.9713928152181026,0.7511004829838476,0.9736139694479715,0.9424271572934354,non-mint
15.897631613971024,0.7904555168655247,0.05468249463440701,0.990771195711483,0.37791826067538264,0.9910731961202903,0.9078104586356721,non-mint
18.841516703975284,0.6669511171416392,0.05273680005607325,0.9913117126590711,0.8729391742264959,0.9919213730583626,0.9294061126303421,non-mint
17.94054502116464,0.7004453097458577,0.11937337896105427,0.9782393011749293,0.7960509738612855,0.9797931484469564,0.9478190876799801,non-mint
18.474250956415297,0.6802100200980231,0.035965399261803296,0.99343375141506,0.8305409489645241,0.9941269867811964,0.8996589934854008,non-mint
15.084909440078615,0.8330424961632175,0.09405549813619195,0.9831239717918253,0.7466801833429312,0.9851447702581015,0.9522785051024665,non-mint
42.85145014251212,0.2932542673017339,0.2103759806160066,0.9612432069866156,0.9146144530300785,0.9636394678448922,0.9455525829190228,healthy_pepper_mint
16.263760288063082,0.7726608356114522,0.21907028818251903,0.9577402169627612,0.8024315312159996,0.9643690562321073,0.9792246648685601,healthy_pepper_mint
17.95877834790797,0.699734156239143,0.20897769653231735,0.9584411713867482,0.8690267113459452,0.9633443241852984,0.975947696978838,healthy_pepper_mint
18.57277189550174,0.6766017848635023,0.20844758300769067,0.9600422179333293,0.852497927988857,0.9635725038163087,0.975747096092871,healthy_pepper_mint
15.985199395110536,0.7861253590745264,0.12398847826760886,0.9769180903472137,0.8124785768390109,0.9791332765161289,0.9615463814526133,healthy_pepper_mint
19.67916319641438,0.6385622441836761,0.147982052955233,0.9715730122634891,0.8789153224756616,0.9736212146925487,0.9638172095748105,healthy_pepper_mint
17.673398435785778,0.7110330624875351,0.12152064441694004,0.9743161889456932,0.8722829842398626,0.9777335333565943,0.9707110533031699,healthy_pepper_mint
22.647490036224728,0.5548681374518424,0.22554316850896863,0.957819890311259,0.9258257220165955,0.960683478175809,0.9611256426955022,healthy_pepper_mint
18.215764779543427,0.6898623673748463,0.06243356500794779,0.9886291844544598,0.8017429765902946,0.9896722222163568,0.9451803423585363,healthy_pepper_mint
19.273609818490243,0.651998807317535,0.11133844588195678,0.9807216399502379,0.8875220531463573,0.982573422076596,0.960941790918107,healthy_pepper_mint
19.411409719615406,0.6473703247663019,0.07034615635760587,0.987908471568546,0.8272520314396518,0.988798244830622,0.949740887211563,healthy_pepper_mint
19.113865217615555,0.6574479034610886,0.06233218625669928,0.9889694928977496,0.7796312544082518,0.990011225021159,0.9340566077058171,healthy_pepper_mint
23.72286180757042,0.5297156269042128,0.1439940401365963,0.9736949905191297,0.5654757012471922,0.9765352388364608,0.9635621385570626,healthy_pepper_mint
18.27259345234203,0.687716861163379,0.10357485520779594,0.9814423714180021,0.8508110620769692,0.9837803500204952,0.9657691235139966,healthy_pepper_mint
16.73637727003184,0.7508417390220115,0.08220285411921607,0.9855061940148273,0.7556547484155943,0.9869307784378377,0.9633336776675872,healthy_pepper_mint
16.77014974528483,0.7493296604517434,0.06639248231838238,0.9880486119678604,0.5219053611811667,0.989097747302543,0.9395228824202131,healthy_pepper_mint
17.883479544027225,0.7026804030738036,0.05155144607062068,0.9913717732420455,0.8639440947576332,0.9920818794035373,0.9592170085977076,healthy_pepper_mint
14.878041551873872,0.8446253205131324,0.3276189437601405,0.9353400281111952,0.6809975408152473,0.9444316382056097,0.9731894732807674,healthy_pineapple_mint
22.121256026324204,0.5680676811210558,0.1908453166042248,0.9662680116599366,0.9301162784871456,0.9700788883989719,0.983778682516978,healthy_pineapple_mint
15.740937313303407,0.7983241635641825,0.22980320613299504,0.957679894041003,0.794582347233636,0.9623768960604309,0.9749932407377412,healthy_pineapple_mint
17.21558440480137,0.7299415645079382,0.23683413519007723,0.9575597871663978,0.8724886702589342,0.9622315608541263,0.9780175649058048,healthy_pineapple_mint
13.765853354621212,0.9128653553570384,0.06465703306305881,0.9890095128936861,0.588030622544038,0.9895497337851591,0.950479634504661,healthy_pepper_mint
15.046677269257206,0.8351591776367997,0.14848576541269543,0.9695914290423028,0.7695922051830363,0.9742536236227204,0.9351213191442815,healthy_pepper_mint
15.22861247769741,0.8251815871447815,0.05456683027219667,0.9897702731091536,0.7320081229530787,0.9903734268048758,0.8136547616106025,healthy_pepper_mint
14.437131724612673,0.8704201675278619,0.08286870979058111,0.9860466891785262,0.6957512402622965,0.987078392064677,0.9541652512363262,healthy_pepper_mint
14.52283152109,0.8652837840961205,0.04958879754105394,0.9917521283694347,0.6520409162336502,0.9920842154913835,0.9462931113413423,healthy_pepper_mint
15.957295020932907,0.7875000492172707,0.09841899362391981,0.9824232724474198,0.6621313800921799,0.9838777996152366,0.9648957786172246,non-mint
17.678116582159,0.7108432935124621,0.12466391662335187,0.9784594734187196,0.8114286428390849,0.9794821498681745,0.9740058370295976,non-mint
15.957666782289142,0.7874817030460963,0.25864879798890766,0.9543165885441562,0.701535539897116,0.956917546108335,0.9756207165993382,non-mint
16.96192512277694,0.7408575691378749,0.08075303415091602,0.9858064793112121,0.794269446044973,0.9868575105915824,0.9675540431983825,non-mint
13.959205230144466,0.9002210661121658,0.07987885168744549,0.9863870152535877,0.11871726369497712,0.9870900411218243,0.9434174969342375,non-mint
17.455750850807803,0.719898600854379,0.08060371718495954,0.9862268657864416,0.822674455111916,0.9871329375356295,0.963694392032333,non-mint
15.759410071336998,0.7973883893797978,0.07136218211045364,0.9877282999356847,0.8058334464984609,0.9885237448604374,0.9633481556203064,non-mint
15.665225991874737,0.8021825296920145,0.08684392875568088,0.9846053351855742,0.6951280802198779,0.9859079369448841,0.9708913828322118,non-mint
17.354402357003572,0.724102758242658,0.11525510913801763,0.9802811995286008,0.8159068354368133,0.981454229861345,0.9619284114415021,non-mint
18.45480342659765,0.6809268201821169,0.07012392176695102,0.9880285870723906,0.8895221427234329,0.9888175965497441,0.9639316375979327,non-mint
15.95946005716175,0.7873932181508896,0.07676685105704494,0.9867273498584488,0.4867845320009827,0.98733667648903,0.960878914355083,non-mint
16.67836373106002,0.7534534452535588,0.05825416230683102,0.9897302193900286,0.8323773002535687,0.9908865045737946,0.969390984342611,healthy_pepper_mint
